data,label
I like Twitter., NOT_FLOOD
I like Twitter., NOT_FLOOD
I like Twitter., NOT_FLOOD
I like Twitter., NOT_FLOOD
I like Twitter., NOT_FLOOD
I like Twitter., NOT_FLOOD
I like Twitter., NOT_FLOOD
I like Twitter., NOT_FLOOD
I like Twitter., NOT_FLOOD
I like Twitter., NOT_FLOOD
I like Twitter., NOT_FLOOD
I like Twitter., NOT_FLOOD
I like Twitter., NOT_FLOOD
I like Twitter., NOT_FLOOD
I like Twitter., NOT_FLOOD
I like Twitter., NOT_FLOOD
I like Twitter., NOT_FLOOD
I like Twitter., NOT_FLOOD
I like Twitter., NOT_FLOOD
I like Twitter., NOT_FLOOD
I like Twitter., NOT_FLOOD
I like Twitter., NOT_FLOOD
I like Twitter., NOT_FLOOD
I like Twitter., NOT_FLOOD
I like Twitter., NOT_FLOOD
I like Twitter., NOT_FLOOD
I like Twitter., NOT_FLOOD
I like Twitter., NOT_FLOOD
I like Twitter., NOT_FLOOD
I like Twitter., NOT_FLOOD
I like Twitter., NOT_FLOOD
I like Twitter., NOT_FLOOD
I like Twitter., NOT_FLOOD
I like Twitter., NOT_FLOOD
I like Twitter., NOT_FLOOD
I like Twitter., NOT_FLOOD
I like Twitter., NOT_FLOOD
I like Twitter., NOT_FLOOD
I like Twitter., NOT_FLOOD
I like Twitter., NOT_FLOOD
I like Twitter., NOT_FLOOD
I like Twitter., NOT_FLOOD
I like Twitter., NOT_FLOOD
I like Twitter., NOT_FLOOD
I like Twitter., NOT_FLOOD
I like Twitter., NOT_FLOOD
I like Twitter., NOT_FLOOD
I like Twitter., NOT_FLOOD
I like Twitter., NOT_FLOOD
I like Twitter., NOT_FLOOD
I like Twitter., NOT_FLOOD
I like Twitter., NOT_FLOOD
I like Twitter., NOT_FLOOD
I like Twitter., NOT_FLOOD
I like Twitter., NOT_FLOOD
I like Twitter., NOT_FLOOD
I like Twitter., NOT_FLOOD
I like Twitter., NOT_FLOOD
I like Twitter., NOT_FLOOD
I like Twitter., NOT_FLOOD
I like Twitter., NOT_FLOOD
I like Twitter., NOT_FLOOD
I like Twitter., NOT_FLOOD
I like Twitter., NOT_FLOOD
I like Twitter., NOT_FLOOD
I like Twitter., NOT_FLOOD
I like Twitter., NOT_FLOOD
I like Twitter., NOT_FLOOD
I like Twitter., NOT_FLOOD
I like Twitter., NOT_FLOOD
I like Twitter., NOT_FLOOD
I like Twitter., NOT_FLOOD
I like Twitter., NOT_FLOOD
I like Twitter., NOT_FLOOD
I like Twitter., NOT_FLOOD
It's flooding., FLOOD
It's flooding., FLOOD
It's flooding., FLOOD
It's flooding., FLOOD
It's flooding., FLOOD
It's flooding., FLOOD
It's flooding., FLOOD
It's flooding., FLOOD
It's flooding., FLOOD
It's flooding., FLOOD
It's flooding., FLOOD
It's flooding., FLOOD
It's flooding., FLOOD
It's flooding., FLOOD
It's flooding., FLOOD
It's flooding., FLOOD
It's flooding., FLOOD
It's flooding., FLOOD
It's flooding., FLOOD
It's flooding., FLOOD
It's flooding., FLOOD
It's flooding., FLOOD
It's flooding., FLOOD
It's flooding., FLOOD
It's flooding., FLOOD
It's flooding., FLOOD
It's flooding., FLOOD
It's flooding., FLOOD
It's flooding., FLOOD
It's flooding., FLOOD
It's flooding., FLOOD
It's flooding., FLOOD
It's flooding., FLOOD
It's flooding., FLOOD
It's flooding., FLOOD
It's flooding., FLOOD
It's flooding., FLOOD
It's flooding., FLOOD
It's flooding., FLOOD
It's flooding., FLOOD
It's flooding., FLOOD
It's flooding., FLOOD
It's flooding., FLOOD
It's flooding., FLOOD
It's flooding., FLOOD
It's flooding., FLOOD
It's flooding., FLOOD
It's flooding., FLOOD
It's flooding., FLOOD
It's flooding., FLOOD
It's flooding., FLOOD
It's flooding., FLOOD
It's flooding., FLOOD
It's flooding., FLOOD
It's flooding., FLOOD
It's flooding., FLOOD
It's flooding., FLOOD
It's flooding., FLOOD
It's flooding., FLOOD
It's flooding., FLOOD
It's flooding., FLOOD
It's flooding., FLOOD
It's flooding., FLOOD
It's flooding., FLOOD
It's flooding., FLOOD
It's flooding., FLOOD
It's flooding., FLOOD
It's flooding., FLOOD
It's flooding., FLOOD
It's flooding., FLOOD
It's flooding., FLOOD
It's flooding., FLOOD
It's flooding., FLOOD
It's flooding., FLOOD
It's flooding., FLOOD
